-8.786519552320518400e+00,-4.519184625263338084e+00,9.884834396771559284e+00
5.026368011169678240e+00,-1.017503901184415938e+01,1.145288995834808610e+01
-6.147729816497997213e+00,-8.303955377877786148e+00,1.039329996274366508e+01
-8.724551088805995391e+00,-4.016916503211996670e+00,9.847791994687710826e+00
-6.282307008519672387e+00,5.708579529740598346e+00,8.705241396168172940e+00
-2.059801494564760471e+00,-1.085524039257674112e+01,1.079979758220599706e+01
-7.342329789373146731e+00,4.662789027933711417e+00,8.836551285007848477e+00
1.164526095771540248e+01,6.948117857974630773e+00,1.311715150416481102e+01
4.577180362006809666e+00,1.295342855406991411e+01,1.379469652716897166e+01
-3.839511680981807729e+00,7.439382494760067743e+00,8.326240156257815883e+00
1.132297179446064739e+01,-4.662140092730257201e+00,1.217422167029548419e+01
-9.045477033750675133e+00,-2.475446111092636681e+00,9.697106163634753528e+00
-7.747557143790912093e+00,-6.178886696127762868e+00,1.006608284051769786e+01
8.616636758658021478e+00,1.019855232152709057e+01,1.343593177752758905e+01
3.401629777380456243e+00,-3.840877614206906543e+00,5.381888056108065754e+00
3.774655364661789747e+00,-3.930317803676349975e+00,5.533563283949040290e+00
8.662359120112542721e-01,-4.870512129357337905e+00,4.902942886982347481e+00
1.239130410872929566e+01,-2.023335917229012737e-01,1.255964615040410060e+01
1.025251981067087748e+01,-5.896915234616363577e+00,1.204634357676074607e+01
1.248452371152963636e+01,4.579673848925486013e+00,1.291206030078293310e+01
2.630849773337990527e+00,1.355400534451001349e+01,1.393564956426470935e+01
1.150831021536604659e+01,-3.962202734143648097e+00,1.224428100357456728e+01
-8.397903381162569403e+00,3.162256112523718965e+00,9.061729503096030314e+00
1.086431587150236489e+01,-5.655357398458448870e+00,1.206870315878675193e+01
5.327694704180904850e+00,-2.714353092539297574e+00,5.827099182636863439e+00
-2.127674420562478019e+00,-1.047917596996677148e+01,1.074350251882536966e+01
5.902749139019626945e+00,-1.796029131587076666e+00,6.063461884161308824e+00
6.834623747139734640e+00,1.152955533460827731e+01,1.361568377001748509e+01
-9.372117223551732934e+00,-1.991613909949385253e+00,9.630693542079253433e+00
-5.692341899599490773e+00,6.389252852207341071e+00,8.620485693577251141e+00
4.452032115944327018e+00,5.803185452992198456e+00,7.205766882746230451e+00
1.017083916168133939e+01,-6.568421816268075197e+00,1.200936959304945795e+01
-8.442333737293344242e+00,3.339052572690428544e+00,9.011504578256847253e+00
-7.998001090860682893e+00,-6.018780604790595845e+00,1.006975273383503655e+01
1.141626598612762722e+00,-5.143570677138993297e+00,4.889478677424504482e+00
-4.778273792804165865e+00,-9.215475415047331254e+00,1.053346640101425535e+01
-5.050381908951855792e+00,-9.112494247209733444e+00,1.048125525778017320e+01
-4.706215520554931864e+00,-9.712971714796410083e+00,1.052685491737926426e+01
7.053398966900304323e+00,1.154591578888156000e+01,1.360700507128776948e+01
1.424427982957907179e+00,-1.116985174872658249e+01,1.113839390858038669e+01
-1.508814056826742966e+00,7.700794077330286314e+00,8.100671118434977558e+00
-7.577090147372105733e+00,4.640774567240439907e+00,8.831318106704705073e+00
3.174378491023710946e+00,-1.098508508020035102e+01,1.128740810050516075e+01
3.026251403916464966e+00,-4.588910235173161212e+00,5.280000678073173859e+00
6.971566172370420589e-02,-1.113876948754088403e+01,1.099651722509160479e+01
5.788407840912633828e-01,-1.079968387305492428e+01,1.103300199361924783e+01
6.035701354669638086e+00,2.702086452272593142e+00,6.695197905323643006e+00
5.541497406408263160e+00,-2.262850107048542281e+00,5.927490709085743603e+00
1.293186447879727918e+00,7.509141145466234235e+00,7.685231150376767850e+00
-1.985007359368679225e+00,7.633021985431619250e+00,8.140282238459159103e+00
-7.820229250203784233e+00,-6.256776254457846242e+00,1.008636693552099928e+01
-7.246562059790139010e+00,5.013115329814811005e+00,8.846110858024459844e+00
1.402400250586857133e+00,1.399392045573501342e+01,1.402759294632632781e+01
4.847669835936535776e+00,-2.788973824399489931e+00,5.674138663733587329e+00
6.204385613551464118e+00,2.663475165402697353e+00,6.681006027744288644e+00
6.502581821157668251e+00,-4.972736179917844890e-01,6.232695369409536390e+00
-9.821451823107707479e-01,-1.061723324800317414e+01,1.086778993222597123e+01
4.800696772345752983e+00,5.389464491859261130e+00,7.099606093649585503e+00
-8.733295364115933879e+00,3.062169663047665580e+00,9.107264475270142157e+00
5.041963280989692819e+00,4.474876378252404585e+00,7.016045912929403272e+00
6.165591426383098650e+00,-4.796728796996060362e-01,6.210642008759668542e+00
4.885465208937116444e+00,-2.684449731031139486e+00,5.752650178246842216e+00
-9.881688019379204491e-01,-1.118341607622044975e+01,1.089814963017781402e+01
5.770386313836922909e+00,-1.695230236553579850e+00,6.014732614809171984e+00
6.233590285599647451e+00,1.541216663803626208e+00,6.565134090222852770e+00
-2.467758478657270604e+00,7.549752511824295631e+00,8.187541842411071968e+00
1.217838486177856971e+01,-1.647206285879743826e+00,1.245006787899637679e+01
4.547346772449106567e+00,-3.180806531576726659e+00,5.627546944441722765e+00
1.251673697999025769e+01,5.009818476394924947e-01,1.260983367691835255e+01
4.565534454790004304e+00,-3.639766654316001215e+00,5.618095137168738873e+00
3.339095495679341496e+00,1.336710217196066885e+01,1.391530262582760002e+01
-8.794365149349886224e+00,2.686569468033033647e+00,9.129322496962034350e+00
3.112267229167852367e+00,1.358342072017510560e+01,1.391814535729809421e+01
-5.693839431772733661e+00,-8.426050666220021412e+00,1.041292370454790017e+01
7.222449826649945948e+00,-8.950880381456185475e+00,1.167978407069728597e+01
1.882642579031860608e+00,-5.025409642421015732e+00,5.081725221154420602e+00
3.439837010994263089e+00,6.431158417556041229e+00,7.377781808426965071e+00
5.376084201185538092e+00,-2.264954738557138469e+00,5.845214881466831436e+00
2.537019937021550486e+00,6.922931766412959043e+00,7.503444587289291867e+00
5.265070321582779656e+00,-2.199051649246420936e+00,5.831371369317070119e+00
8.819109611870082910e-01,7.409114923561133992e+00,7.709309841432411048e+00
-6.024986360036068689e+00,6.343922694170908372e+00,8.616725721048878128e+00
3.133425616992389973e+00,-4.546739978611343602e+00,5.316964890211246519e+00
2.885019348230466463e+00,-1.100994414061861448e+01,1.123878494947051543e+01
-8.220721667871373484e+00,-5.683984732847628507e+00,1.005248187853069908e+01
4.330944772076729343e+00,5.759072992367440413e+00,7.213626005610580094e+00
-9.367706877135676180e+00,-1.933492820027877590e+00,9.643885702713118846e+00
4.373790243968228353e+00,-3.448746438108116763e+00,5.597757435804269655e+00
-7.543730778201236831e+00,-6.503514274594212274e+00,1.014055681828492794e+01
7.963153946248571202e+00,1.041138233124343593e+01,1.347079930232777834e+01
1.060200573906438848e+00,7.595945037297645364e+00,7.714830622433312968e+00
1.249268578039008787e-01,-1.091746281517770356e+01,1.100258362025511438e+01
5.435831442743681130e+00,-2.091631253201345686e+00,5.954554569250119833e+00
5.506463582110502131e+00,-9.904853052017070780e+00,1.146361382646089488e+01
3.025256341513348435e+00,6.655981792476825198e+00,7.439977146905844663e+00
6.673676048287882523e+00,9.387589467433107293e-01,6.438926891632689831e+00
-7.178773189954029910e+00,-7.655890579825734399e+00,1.024014316208892872e+01
7.419441720962580700e-01,-5.242800170533189252e+00,4.901898138537731597e+00
1.255907996460941334e+01,-1.590757541855130630e-01,1.252496469855201688e+01
-1.253067560751502663e-01,-4.792853642254808477e+00,4.756642800919524738e+00
1.207360705590351690e+00,-1.112900713091474714e+01,1.110065933782682635e+01
4.098118524797252249e+00,5.962814741884035818e+00,7.257154175358214054e+00
7.209894467185162803e+00,-9.012702575595152865e+00,1.164142939697511636e+01
4.947910210163381173e+00,1.272195123441379039e+01,1.378080237451227497e+01
4.964730930039148227e+00,5.066865799252497915e+00,7.056832125103692732e+00
-7.859643774076217504e+00,-6.755543976253151506e+00,1.014254392774155100e+01
-6.314100742067190630e+00,-7.969216422602626082e+00,1.029225272608685771e+01
-8.010275508723086801e+00,-6.248531062116240875e+00,1.010573613009078997e+01
5.664964881991632062e+00,3.652781360915508202e+00,6.814883835148440205e+00
5.680866738578166597e+00,1.225367133930754626e+01,1.369183686627478203e+01
-7.617361898617546423e+00,4.112720589526991155e+00,8.926446394480768376e+00
1.248959140105805865e+01,1.325993179871904459e+00,1.268960278249464402e+01
3.289835119603627511e+00,-1.054784250638543242e+01,1.130482583841204125e+01
2.521976210738687829e+00,6.974590277287338935e+00,7.515666199522598845e+00
1.213158058526003380e+01,-2.636761456579927998e+00,1.238225273603876886e+01
-4.874263588540624248e+00,7.277493290142463600e+00,8.449367548037885811e+00
1.187030201014053965e+01,5.390379184184587835e+00,1.301659097368140294e+01
-7.131457794027608266e+00,-6.908776023677052791e+00,1.019075673959623707e+01
1.188795989740332004e+01,5.773385439133307706e+00,1.302254898602531874e+01
2.866157291941247909e+00,-1.084946723894285192e+01,1.123934544768619226e+01
6.137786735952905914e+00,-9.948461947365908387e+00,1.154774953278250571e+01
-9.791702411161821829e+00,-4.467458089827873458e-02,9.437259966363802377e+00
5.853139857223554010e+00,1.223089554659817502e+01,1.372326494957641074e+01
-2.226405054708729736e+00,-1.041894311593302014e+01,1.078185361703565626e+01
-6.437916270347399994e+00,6.037345255585989889e+00,8.707128700596657112e+00
-5.387018963292083740e+00,-8.613003688908280608e+00,1.042751038045765988e+01
1.167004610095814243e+00,-5.217348264061946850e+00,4.893280612807171970e+00
2.311305533798653666e+00,7.021928242038507406e+00,7.554664666102048010e+00
-5.816166743430200015e-01,-1.095146880724133709e+01,1.093437798682890438e+01
2.832440571526230411e+00,6.933430475550495409e+00,7.446306019734399761e+00
-4.657372495606500351e+00,-9.469957751949417357e+00,1.053704717502840538e+01
-7.024681620345954336e+00,5.346303345608317770e+00,8.753438783326062733e+00
5.588260482027137321e+00,-1.616412836381415641e+00,5.989201955124293875e+00
2.261742691143426409e+00,7.349657629059709762e+00,7.523633672142116424e+00
-8.001315066620342975e+00,-6.224489453193921662e+00,1.008418170917385659e+01
-6.525617574599518633e+00,-7.621946160819411453e+00,1.028123355821542084e+01
-7.106788328985122583e+00,-7.042555944008922708e+00,1.012527692805558743e+01
-1.337770464736413700e+00,-1.096875122494349419e+01,1.086866167133069361e+01
-1.755385077333157184e+00,-1.082044755068070252e+01,1.085831750764225134e+01
-6.754614475301258025e+00,5.189431762892963818e+00,8.778411942532414969e+00
1.083435999583299392e+01,7.452456693719676117e+00,1.316214157776460070e+01
-2.724342673047483565e+00,7.957543349209400319e+00,8.176577992431283803e+00
-7.215474844572709934e+00,5.114070109433892064e+00,8.820319121900562109e+00
1.092067836126705593e+01,6.757028171952903506e+00,1.311856855943188016e+01
1.195456420498671335e+01,-3.419161128053779031e+00,1.231058832045098939e+01
3.881588606324150259e+00,-1.054394106914109486e+01,1.134638258937311051e+01
4.603388685418888571e+00,-3.682945487635005399e+00,5.657005139002181160e+00
9.281811503136340846e+00,9.838201735336513210e+00,1.337830845371611410e+01
4.974527818849408867e+00,-1.035041425744230636e+01,1.144395463904643506e+01
1.567709625808687834e-01,1.389029919032324045e+01,1.412630023406598490e+01
6.097350030335554116e+00,-9.314905845071329571e-01,6.120906068399697197e+00
1.229030971948155582e+01,4.152268814439467270e+00,1.289428431303825029e+01
6.032722199712771349e+00,-2.528672637110460086e-01,6.243848809903325581e+00
-5.156694959402793543e+00,-9.334485558605734923e+00,1.051390119538786649e+01
5.394139384568556572e+00,-2.226299798548565079e+00,5.879364825846948861e+00
1.229681082305137707e+01,1.936444078257994139e+00,1.270467825065195022e+01
1.197021622928490991e+01,-2.891407748127706956e+00,1.232119090988745391e+01
-7.825936187169692637e+00,-5.905549043767680750e+00,1.007603707913708213e+01
-5.360566054107545497e+00,6.552446544187340294e+00,8.550001146073698877e+00
3.044788617587883106e+00,-3.940596227944970664e+00,5.364272554762910872e+00
3.054261421152010936e+00,-1.070027829252221707e+01,1.128550031072400017e+01
-8.073489389112005199e+00,3.701657363449365246e+00,8.986928060357172399e+00
5.662870847899242222e+00,-1.020234674122513852e+01,1.151760268072294657e+01
1.219485252609955417e+01,3.987798009634085261e+00,1.287785003139694773e+01
3.299278891955890192e+00,1.327671446631051744e+01,1.390646256099246436e+01
1.229521656049392853e+01,2.491232522476195754e+00,1.277814546051934030e+01
4.511210089513829624e-01,-4.745612163889554758e+00,4.822791622842093062e+00
-2.174050445784718288e+00,7.729304670267887367e+00,8.105102308840791636e+00
6.306409837883099279e+00,-9.775081657740873453e+00,1.159238794468859446e+01
6.151621461646743505e+00,2.890826670816396549e-01,6.329960580052275354e+00
-9.299032818063160732e+00,-1.880905183609029585e+00,9.623043303291440864e+00
2.570528760475794705e+00,-4.595405181966542685e+00,5.224512455317031012e+00
6.098651038804248969e+00,1.962966584620553068e+00,6.597311820458745757e+00
8.025387152935868906e-01,-4.641754238043605874e+00,4.886952780610984703e+00
1.102417694430683603e+01,-4.381031130207936108e+00,1.219281360250097990e+01
5.706585429074221949e+00,3.461094234420297955e+00,6.822829445288318695e+00
-4.706092193371254062e-01,8.409060377580843237e+00,7.967251889331522285e+00
8.422238260747006322e+00,1.052283202144820251e+01,1.345934910084152847e+01
4.100078377081912251e+00,-1.041412383517395135e+01,1.135133831088214507e+01
1.468545049768302801e+00,-4.900674915225178729e+00,5.012463821725849478e+00
6.333146175546957579e+00,-3.890432459193426951e-01,6.264594836813721201e+00
-4.234011457768648512e+00,-9.783863909334904463e+00,1.056968492193384357e+01
-7.800866933027260863e+00,-6.807901259843861297e+00,1.015264026058726188e+01
5.439303144741329810e+00,4.226342559502255014e+00,6.954476000300405580e+00
8.169914685490935469e+00,1.126844817366004214e+01,1.351714847866853475e+01
-5.162030561289252084e+00,-9.254241469445659618e+00,1.049888179083477091e+01
-9.328637267448973702e+00,-3.124355045030908329e+00,9.760609217399441206e+00
-6.861174336007902497e+00,-7.708790400720768154e+00,1.027215952436923629e+01
6.581413686709808530e+00,-9.668073466014082129e+00,1.159362699284655029e+01
1.637131411618080179e+00,7.505050011928926068e+00,7.652401298753145120e+00
-4.606912808130649850e+00,7.274031412946595943e+00,8.465534071073085087e+00
6.243694040380181498e+00,2.494332547976189751e+00,6.690119720930643332e+00
6.345600400531430374e+00,1.336862446669509374e+00,6.467216718655085295e+00
7.066282341106776776e+00,1.157928134558960132e+01,1.361288906826437284e+01
7.549346292045981954e+00,-9.124885331846977365e+00,1.168249101443468874e+01
-9.596273670016566726e+00,8.390096037051404387e-01,9.334854350508742016e+00
6.267711315415446904e+00,3.779467718189225778e+00,6.855721354064233886e+00
5.170667306957422937e+00,5.526021374616794546e+00,7.109642343953127330e+00
2.701467668921790910e+00,-4.502167101139086469e+00,5.259300931687105773e+00
-7.101641044939960068e+00,4.934696496884800609e+00,8.806669218736670857e+00
1.807271387727062972e+00,7.623922071022943392e+00,7.650995937261357405e+00
3.078266355817004474e+00,-1.090993740882457708e+01,1.127527174689788936e+01
-3.216858161549407402e+00,7.605969599733652053e+00,8.272616189988559299e+00
6.578477445889236996e+00,7.557875321547666836e-01,6.405113762321865245e+00
9.368530554535725585e-01,-5.200515004651193429e+00,4.944980515827121614e+00
3.045668498232775967e+00,-4.206177664906991076e+00,5.346201824869377894e+00
1.514290449684124740e+00,-1.091898454863644474e+01,1.111551501875996983e+01
-8.053831214787010140e+00,3.984501521931703483e+00,8.988381001827116634e+00
-9.009927128267262830e+00,-2.941639759392108644e+00,9.769528903449193891e+00
1.086028741239727147e+01,7.160335527102066777e+00,1.316331682108588907e+01
1.219377125481176050e+00,1.409122932081871404e+01,1.404611366550069462e+01
5.613769612826722266e+00,3.162349601019387002e+00,6.756594898700766905e+00
-5.998611056739073799e-01,-1.103930165087539450e+01,1.096175381522908232e+01
4.419341744975902486e+00,5.763454765796787171e+00,7.194143913234398724e+00
1.113951688061517231e+00,-4.714441651332686334e+00,4.907020065017149157e+00
9.127893500232421076e+00,-7.942298495057319663e+00,1.185993940297750626e+01
9.417475261268544173e-01,7.716939225635144339e+00,7.728479570524495301e+00
-3.843610152436614857e+00,7.230668246630065354e+00,8.326451038926794723e+00
-6.860912107573748919e+00,-7.715820911033283380e+00,1.025714714614816891e+01
1.255756976484366305e+01,-6.250744659462572628e-01,1.254483614562617610e+01
-3.419299430454513011e+00,-1.007097596035973019e+01,1.064040319758664133e+01
1.208813179678068650e+01,4.644196419910700868e+00,1.293692764529625272e+01
3.598060370075582881e+00,6.273183852317123943e+00,7.290461921459104211e+00
1.130896810520455809e+01,-3.993800113616151393e+00,1.223380319230560076e+01
6.662722140351580613e+00,8.406762145297512756e-01,6.461966537006039957e+00
5.658812013306787847e+00,1.253161381818692455e+01,1.369223879021881096e+01
2.335101095286618467e+00,-1.100072428944183933e+01,1.119181333597190076e+01
5.987910984376988210e+00,3.093345965104322026e+00,6.743500986021158994e+00
6.458271130371727509e+00,1.219035020151482307e+01,1.364114644230577511e+01
6.570820603292048645e+00,-9.257158275428205130e+00,1.160054268053239745e+01
5.078708837991690928e+00,5.599903621962025291e+00,7.105732576835864123e+00
6.044985292975022517e+00,2.846759840785931583e+00,6.722807003445870677e+00
-9.462138719792926977e+00,-1.575843831141043649e+00,9.596315648293362699e+00
8.804534044858766118e-01,-5.025722491017175386e+00,4.954254399918477603e+00
6.222090392611114851e+00,2.713753526545422012e+00,6.667748374921218080e+00
-6.503888183527002376e+00,5.442552986085155808e+00,8.714955226532898891e+00
-3.045404935599545393e+00,7.275092907551731436e+00,8.238857964620210694e+00
-8.272011470749928819e+00,3.222816547779073115e+00,9.081484423092469171e+00
3.684437028375297185e+00,6.237586990244118113e+00,7.328977892748193668e+00
-6.943530372767893866e+00,-7.318858372608721297e+00,1.024270115660810276e+01
1.265554901288214040e+01,3.728492219259600837e+00,1.285403625637703939e+01
4.897117796366499576e+00,-2.925897835663757718e+00,5.820100626143980271e+00
-9.551400828078271843e+00,-2.107475439280081630e+00,9.588572186853323132e+00
5.928418596694607245e+00,-2.127592131630992256e+00,5.957101558387036810e+00
5.412456213421279472e+00,-1.020583949068207374e+01,1.146863230465281092e+01
-4.571175967963070796e+00,6.767515734194795129e+00,8.445163738551741517e+00
-8.025813847440417703e+00,-5.936962233414579515e+00,1.004135929893807599e+01
6.426396963631402670e+00,7.124053099601710404e-01,6.439760741388559140e+00
6.275817605747269212e+00,-1.207011535486055775e+00,6.077546950310978247e+00
-9.177722551570733245e+00,1.064199569387024980e+00,9.312211057860031005e+00
-1.632868853759675831e+00,7.790559962962106511e+00,8.063960074641810749e+00
7.259319631950435614e+00,1.177131727765775615e+01,1.357575125160687790e+01
9.597044398655794950e+00,-6.831446675325755891e+00,1.192540956528480756e+01
7.984628713773528119e+00,-8.312593192391425134e+00,1.176837736478195318e+01
1.057808627922220523e+01,7.786666766398385953e+00,1.322974686625440377e+01
3.865292172257033254e+00,-4.105787920983003048e+00,5.498626911372332060e+00
-8.376535340812447217e+00,-4.602257995813158864e+00,9.916680401012195389e+00
-7.164174540411788250e+00,-7.430429428553040339e+00,1.022094615367614345e+01
4.921731476706147745e+00,1.280386643767818988e+01,1.377842576057892465e+01
2.875075212589944140e+00,7.090183979995240193e+00,7.465814552192385989e+00
5.219797529331321684e+00,4.594648871644412047e+00,6.982146757650772528e+00
4.784747065588321746e+00,-3.049951834551833940e+00,5.657637117047229935e+00
1.131674439265827781e+00,-4.894841709795624496e+00,4.867234591262020516e+00
8.301883151200135202e+00,1.088406426029194485e+01,1.347299639917674519e+01
2.775774051072838478e-01,-1.113185816671344064e+01,1.102620368424943109e+01
1.081382462782356058e+01,-5.013087200799896337e+00,1.211228084145425754e+01
3.065168914900165298e+00,6.534487574176536917e+00,7.367632671979735370e+00
-7.062783474570314191e+00,-7.619172748152961638e+00,1.023917459062869106e+01
3.063475246085205494e+00,-4.704716599475877281e+00,5.315153162996852920e+00
-8.993277229595577182e+00,1.194162031446204253e+00,9.289321243690741525e+00
3.123465767871508980e+00,1.356176053222924338e+01,1.392506363020733673e+01
1.183079088747081187e+01,5.305714078841305970e+00,1.297325629894325338e+01
-4.145113127033544509e-01,7.869175443233710432e+00,7.899462016893466831e+00
5.105606809229958465e+00,1.279479668066849385e+01,1.377497418064101176e+01
5.606063408367376155e+00,4.182574576091766971e+00,6.896125363024917299e+00
6.177287991391867905e+00,1.208568304388496095e+01,1.365950809563154422e+01
7.407989909639505655e+00,1.144820893270796525e+01,1.358466482446216261e+01
1.182414930835520472e+01,-3.756309917924082420e+00,1.224469591185337691e+01
-3.562878342499394613e+00,-1.013746381471416669e+01,1.065422080117934733e+01
1.188065702677977598e+01,5.007998872362397158e+00,1.295235893959736551e+01
2.369492589080812728e+00,6.821655374927397375e+00,7.474040099872145682e+00
1.269408953948682672e+01,1.819113512837175151e+00,1.271349349043508070e+01
-4.855034807373821870e+00,-9.410913526442151067e+00,1.053573960884205896e+01
2.093446310046043757e-01,-4.874375628931547411e+00,4.837143425660604734e+00
-7.261287451776234914e-01,7.913873813768746324e+00,7.984987787432691775e+00
6.145301281226041468e+00,-8.980631968481642691e-01,6.108583701738356631e+00
2.152242797512283978e+00,1.384373776688031832e+01,1.396591297477940863e+01
-9.272869371399821148e+00,1.962933429415165465e+00,9.220922907261650536e+00
-9.223158918846705134e+00,1.040018833882667970e-01,9.400192159813473225e+00
-2.898022186473450557e+00,-1.021790952809809383e+01,1.073927545945711515e+01
-2.410762168918328285e+00,7.872471222599588536e+00,8.186217052913971060e+00
5.891265788229250511e+00,-1.461105182791980983e+00,6.002643643790462669e+00
1.249843585806226542e+01,-1.459970674621701825e+00,1.246066607335149534e+01
6.428047838676659076e+00,1.374705735459929690e+00,6.501663396383889904e+00
-9.438982265082527690e+00,-8.881710170134493598e-01,9.531456858011550182e+00
6.019512032570589533e+00,3.407547846154174831e+00,6.826527171291078666e+00
4.399413645804839845e+00,-3.449047039920520419e+00,5.634551521426902632e+00
1.238360961391324899e+01,3.834070100227501499e+00,1.283835259174288090e+01
3.655104724960763996e+00,1.382259714318411170e+01,1.388193913813289448e+01
5.080096342278770827e+00,1.308866364319231401e+01,1.376804228964023658e+01
9.984138537352718501e+00,8.627004672062756896e+00,1.325647326965873951e+01
1.008134758248574414e+01,-6.569482037164708466e+00,1.200761322219514327e+01
6.448711099025632165e-02,7.954708163532774989e+00,7.852208066961398281e+00
3.708731096181307585e+00,-4.025072068642645107e+00,5.476751573331323897e+00
-5.130984671089086291e+00,6.346987363253224324e+00,8.550546597443446473e+00
5.546234676168844580e+00,3.896533676750907116e+00,6.901144205255573816e+00
5.621994842675534620e+00,-1.864062736688416155e+00,5.961055520526191032e+00
2.670720512033422089e+00,-4.677999577024544386e+00,5.215928305795179298e+00
6.156539413136229655e+00,-9.925004928290697137e+00,1.155095475265502181e+01
4.890718706555144957e-01,-4.633753486581422720e+00,4.820090240581485830e+00
9.789635358754685157e+00,-6.647783552529556772e+00,1.197494143586682647e+01
6.052624815592367646e+00,-1.080025587914055452e+00,6.097328485363137318e+00
3.928752768672023166e+00,-3.975955751044142783e+00,5.461866951742827325e+00
4.250316676409012118e+00,-3.825538846963171480e+00,5.556877682694762122e+00
4.043474474210785319e-01,-1.130620158899130345e+01,1.104629034371724750e+01
5.526811000293609055e+00,4.807926129540820881e+00,7.024920452101256707e+00
-6.643874317988734290e+00,5.805408934536494314e+00,8.675880077584990246e+00
-8.860476220923288793e+00,-5.531641709729581358e+00,9.965466080875009069e+00
1.259541643346823037e+01,3.174885234003123724e+00,1.282289271760052252e+01
6.276510805880916699e+00,-9.960660861114593700e+00,1.156461972409023886e+01
3.952344139891589059e+00,6.157057988230642209e+00,7.260169463859480921e+00
5.407644251643384692e+00,-1.833251662238233104e+00,5.951585169363973193e+00
3.073553127175655320e+00,-4.438104246780894435e+00,5.234279655082977989e+00
2.249489741142539856e+00,7.086476100657192134e+00,7.554889143638816584e+00
4.573936239870253218e+00,5.771040332620358093e+00,7.182794336456468365e+00
-8.188841587900739682e+00,3.683756350255060319e+00,9.011412541378703622e+00
1.826146141685412783e+00,-1.109768675810472693e+01,1.115216385265953392e+01
3.145491521942906488e+00,-1.094207063511108302e+01,1.126850434939216861e+01
3.487464550224013138e+00,6.764022931978591835e+00,7.384491157115048665e+00
-3.600914952390535717e+00,7.411544132336789659e+00,8.293116181054344338e+00
6.301644441461234258e+00,9.343728509947687444e-01,6.419696572134830248e+00
1.073008118539079980e+01,-4.768600327041296438e+00,1.214425534583476463e+01
2.523194304827578005e+00,-4.130877259906533538e+00,5.248169478264825827e+00
3.235379542304479106e+00,-1.049085581098853481e+01,1.128143322291139761e+01
1.069756218941751591e+01,-5.755059939398201152e+00,1.205142018620298572e+01
1.052506533597638771e+01,-6.357166433626713520e+00,1.203928263583227576e+01
4.524098307267243158e+00,5.352142897511768638e+00,7.157389047353067468e+00
-3.318917424824158857e+00,7.533764287936568493e+00,8.235494804217537990e+00
-7.506369557017963601e+00,-7.202989011034730105e+00,1.025038507193974446e+01
4.162732323563815839e+00,5.991063188042415000e+00,7.283674833569980578e+00
-2.960046832141081552e+00,7.777005802217471953e+00,8.207594269143079657e+00
6.212297120368219794e+00,1.876062892670402382e+00,6.569581817353580711e+00
-8.380310716417383787e+00,3.154608524430404515e+00,9.046428578738433757e+00
1.814021763970203427e+00,-4.609418349035830254e+00,5.132850014023667917e+00
1.157345544649408886e+01,-3.728293798961070937e+00,1.225028760639990111e+01
4.011827365321373406e+00,-4.320187434654163994e+00,5.437686405883423113e+00
-9.350319263444262674e+00,-1.451057634802746854e+00,9.602295056364555492e+00
1.952931183406214410e+00,6.950359826513498263e+00,7.604006044719713309e+00
-7.878603951903797586e+00,-6.896856332016142233e+00,1.015560303592839375e+01
5.580441382483436463e+00,1.295609185071257308e+01,1.375483518589889265e+01
-2.417149692038189635e+00,-1.082268499508312054e+01,1.079674519246213471e+01
2.035142612043510546e+00,-4.697972618696451441e+00,5.045672085532163287e+00
-7.372086242459714889e+00,5.088890973413884744e+00,8.768836406521641536e+00
-9.195722599580943069e+00,-9.159444375978025299e-01,9.519184569734706614e+00
-8.879942172978251946e+00,-3.728385407380941707e+00,9.765742815526323284e+00
1.375475689314338279e+00,-1.119581310461447110e+01,1.113436209695705692e+01
3.759713593100685536e+00,6.031946874337682729e+00,7.328670564282621314e+00
5.664094057717383279e+00,-2.147777205010062307e+00,5.926871197803944114e+00
-4.626698334653441158e+00,7.048318071417846831e+00,8.413270042435950558e+00
5.192512479239962175e+00,1.244919814856074680e+01,1.372630055814565608e+01
6.092433697260585035e+00,1.400895121874572657e+00,6.476056084737171759e+00
1.051379277163750459e+01,7.996715481499417244e+00,1.323223703568147869e+01
-9.028069626468868236e+00,-3.820297367854621040e+00,9.837639313608729452e+00
-8.398033573366296523e+00,3.888501547852685203e+00,9.018677677135508830e+00
1.187024003910968339e+01,5.799488412029012885e+00,1.302543342400529625e+01
-8.254087025900371799e+00,3.264568025463657097e+00,9.034629491982780536e+00
5.799881823953517035e+00,-1.013419866874606612e+01,1.153750816182361127e+01
-5.157432612619788692e+00,6.758396688431824728e+00,8.473114038160996841e+00
1.050603344074569279e+01,8.321297924464932549e+00,1.323280665015477098e+01
2.341698200656806339e+00,-1.091391529872691102e+01,1.121572158306241462e+01
3.475315931398518021e+00,-1.057782589497110237e+01,1.130617149815315869e+01
7.277494851447097179e-01,7.944234145606257513e+00,7.801080998274715128e+00
8.993687750753696974e+00,-7.795603001937891463e+00,1.184485965363228743e+01
-3.218283566202889023e+00,-1.017006760382700570e+01,1.070712319746661656e+01
5.405247917805724889e+00,4.817806651485024183e+00,6.974526763071617452e+00
6.024523245586793863e+00,-7.620982728565312003e-02,6.225431736391602300e+00
1.180680246759487773e+01,-4.229119493068663971e+00,1.221820179756026725e+01
5.050527428773402328e+00,1.294436244010133841e+01,1.375232124137708567e+01
-8.295056059207363219e+00,3.588183700422060252e+00,9.030245702517870399e+00
-6.666417203469336528e+00,-7.548316157674406668e+00,1.028228351689104336e+01
1.249151066330336590e+01,3.049880668859821675e+00,1.279623445383293934e+01
-8.690029503073304795e+00,3.344586018661595883e+00,9.021618506700988860e+00
5.706586169577997580e+00,1.197607523093637205e+01,1.368359457105674437e+01
-7.753201564275589597e+00,-6.524458311702178825e+00,1.013871584331256415e+01
1.242462436935421088e+01,-1.090288334307765616e+00,1.244793685049458354e+01
1.002754691313730895e+01,8.516731700675105543e+00,1.327803922746475607e+01
1.203284296959626154e+01,-2.108960092741541725e+00,1.239851989399717702e+01
5.930638525085373480e+00,-6.316053540415668133e-01,6.214834902126285421e+00
-3.788087027760677739e+00,-9.737089379424899604e+00,1.063961712841566687e+01
-4.969164566729815213e+00,6.462050462758477387e+00,8.467543399838909579e+00
3.057847605554631087e+00,-4.856462659677186267e+00,5.303444628469105915e+00
-6.635625015401950044e+00,5.791080319238083973e+00,8.708798802651482873e+00
4.746375042164369340e+00,5.436080893954991389e+00,7.150428872806171121e+00
1.245643277297693707e+01,1.779142543255408659e+00,1.271438651751063453e+01
1.500720306682115979e+00,-4.840913160325929887e+00,5.026277690653646602e+00
5.114662802032611033e+00,1.284325243944151751e+01,1.375058820216218791e+01
-1.818708582048539579e+00,7.805671229983697224e+00,8.061661471406925017e+00
-1.639311293068666853e+00,7.659764312304792711e+00,8.074272219505154169e+00
5.832126237229198207e-01,-4.994243871561496739e+00,4.866281492610463388e+00
6.255221345123201715e+00,1.301941484823657236e+00,6.458162516892741678e+00
-5.088591844297628342e+00,6.707230785986005195e+00,8.494170680107863802e+00
8.067742749541281455e+00,1.031155388621350255e+01,1.347075424931144738e+01
4.494875011597083692e+00,-3.317849027216305924e+00,5.651237579297707647e+00
6.573048389416494608e+00,1.195232194960203387e+01,1.362164603939981511e+01
1.208736978511244153e+01,4.579334065328778181e+00,1.290712532022234171e+01
-8.178555623533371843e+00,3.808819511731098117e+00,8.992768729369178260e+00
3.267402843716000205e-01,7.644312668252954523e+00,7.791472250638109998e+00
5.565471382521652188e+00,4.122929690669810299e+00,6.905950720512404217e+00
-4.699974323194775039e+00,-9.112356139548387191e+00,1.050358240365855877e+01
1.535718876013630441e+00,-4.789765070683301040e+00,5.024109661184485986e+00
9.412273027151671911e-01,-4.815923270819899571e+00,4.859472672637502377e+00
-6.786136379473371782e+00,5.495385507249393342e+00,8.753693455458265049e+00
3.358993962122806209e+00,-4.303302624287156597e+00,5.353972012481417408e+00
4.763782121006432391e+00,5.152029294649262958e+00,7.086876853820923472e+00
5.940864532309699797e+00,3.134962011051000363e+00,6.796781501122042712e+00
4.893077424520762442e+00,4.938098293975850872e+00,7.098659762844715004e+00
5.493174773576273928e+00,-2.126132699565163264e+00,5.947555435185786443e+00
3.816967498894845434e-01,-4.666368594682146487e+00,4.825827708681408978e+00
4.840833097960191012e+00,-2.639181297903034018e+00,5.800802838872904488e+00
-4.325246063280032693e+00,-9.264858133246514527e+00,1.054142809941136250e+01
3.143764214665033752e+00,1.345022249267717562e+01,1.389453746309489190e+01
1.545629425924940126e+00,1.375932922781054835e+01,1.404617072465391914e+01
-5.701858165706424231e+00,6.705841974962567065e+00,8.567633003219176757e+00
6.071875805173352347e+00,-2.223147997717023761e-01,6.248198263598559343e+00
-2.665710877410640389e+00,-1.010684626562220423e+01,1.073257671339507091e+01
-9.420713656775088651e+00,9.711962878381602549e-01,9.333408004584621054e+00
1.512442190519130092e+00,1.440521718382692029e+01,1.403735644350473954e+01
3.009473936065983235e+00,-4.394145811826042802e+00,5.327866632694306048e+00
1.086697337795243179e+01,-5.320548504254975164e+00,1.209419965272029884e+01
2.859952576992971451e+00,6.952314011488343048e+00,7.430480781953559877e+00
5.490358130912779799e+00,4.414692481252663114e+00,6.987705870201740055e+00
-3.320779481965627777e-01,-1.098241550455966653e+01,1.095634746507481516e+01
4.969091995728940780e+00,4.491800318019852689e+00,7.031479863244250339e+00
4.449588811104910890e-01,-1.129740429625428355e+01,1.098796331653386993e+01
-9.352592811855076960e+00,-1.531823568477459041e+00,9.587906892231108813e+00
-6.115727137812963399e+00,5.871514324624261150e+00,8.709333531999861933e+00
-8.328769512782896456e+00,-4.771926182257184124e+00,9.940198414564294538e+00
3.096207115481963701e+00,6.791229813592599918e+00,7.417785818928568808e+00
4.094581769749009226e+00,-1.040415886051795269e+01,1.137169869970336045e+01
-6.072718454432689761e+00,6.082065965303003807e+00,8.622322859353445779e+00
-2.423358026738354098e+00,7.790664841348957204e+00,8.110450832705369706e+00
1.237096884562432386e+01,-4.042273347291727159e-01,1.252229640572876335e+01
8.774622621262269107e+00,1.029615293306682133e+01,1.342999674660204512e+01
2.467273459964557603e+00,-4.711801533167041534e+00,5.145997670069550445e+00
5.458478293077564381e+00,4.285448805811051365e+00,6.904846735486720455e+00
-9.642709577066671534e-01,7.656936682552513140e+00,7.997106652879439892e+00
1.195753055788965824e+01,-2.238355926656389272e+00,1.239326709391921000e+01
1.791195041482119166e+00,1.381306220761315551e+01,1.400042686816439286e+01
3.899693588367902919e+00,1.342025826615260264e+01,1.384473214717095502e+01
1.041232509423655017e+01,8.274487140667254437e+00,1.324132620315835496e+01
2.641839757809945510e+00,6.808588008694982818e+00,7.507365931488240385e+00
1.250218585960648499e+00,1.412483649662782526e+01,1.406187468415285302e+01
5.175770111799879558e+00,5.184513868557096394e+00,7.063117486307724846e+00
4.848138760651671042e+00,-2.946474989956824331e+00,5.710530974828579964e+00
6.176708122118356847e+00,1.236350862862684430e+01,1.367490619079566372e+01
5.906562621228183652e+00,3.692678731815707938e+00,6.912323059717562224e+00
2.320014328071031695e+00,-1.112854271756345703e+01,1.121330172312760176e+01
2.905507768992995121e+00,-4.389907640929920696e+00,5.262384706375687671e+00
6.222034105872121579e+00,-9.560631844929192269e+00,1.159915999357497363e+01
1.177385402656626923e+01,5.839479055753194814e+00,1.302240620515356007e+01
3.855986276272335367e+00,5.860301639191272116e+00,7.280046228472724756e+00
-3.460260750625337778e+00,7.515175432132310540e+00,8.284916060412887973e+00
-2.894745187347891768e+00,7.355604329393440111e+00,8.240047399747755463e+00
8.259673807024048742e+00,-8.807565362544544030e+00,1.176955204733184068e+01
5.625383089266630776e+00,4.379925320176792702e+00,6.953669438777961176e+00
6.619255989970267429e+00,4.779120811047229411e-01,6.332066280778832379e+00
-7.866600337737535753e+00,4.164042769946243894e+00,8.946863008894622382e+00
2.271491794752671378e+00,7.296498051928230311e+00,7.581936115985003610e+00
1.253703091593263252e+01,3.838212937342120323e-01,1.262156012476543587e+01
5.448883174616953262e+00,4.518248196227349744e+00,6.953052902569949900e+00
-9.549426428467501893e+00,-2.215451532592696837e-01,9.447298067052367188e+00
7.212056424631783536e+00,1.204539129297204347e+01,1.359603011700041009e+01
-3.156145660769255290e+00,-9.996601783058478574e+00,1.068767650926709400e+01
1.213066421063656897e+01,3.652953029778122307e+00,1.288639905459610802e+01
7.281399119400849607e+00,1.162597852039298552e+01,1.357365653911732473e+01
8.603687130183212517e+00,-8.554506038766035658e+00,1.178818110441124567e+01
3.442717854530779498e+00,-1.091819166321297985e+01,1.130572858989483720e+01
3.924144879316579182e+00,1.315930351168974255e+01,1.383524951929985392e+01
7.692894984077659482e-01,1.404597649318530550e+01,1.408439562682780632e+01
-8.457813590991538177e+00,4.014305009773059041e+00,8.970708017408377088e+00
3.486129360167015356e+00,-4.428683737107078855e+00,5.380320903899831642e+00
2.701602738357965716e+00,6.702995303465154819e+00,7.471907714950108748e+00
5.998588199828268408e+00,-7.066922235337858016e-01,6.148298252769916594e+00
-5.986342183123852578e+00,6.064357375251375970e+00,8.647105364483646639e+00
5.349060454344887638e+00,-1.912363137564344617e+00,5.949761749863644589e+00
-5.395864261949584240e+00,-9.088400303106427103e+00,1.040606514542909267e+01
-3.836624982661966943e+00,7.396596390259912113e+00,8.320269939540533954e+00
1.086088936964759633e+01,7.082092426203115743e+00,1.315120212900821173e+01
4.338965391079913303e+00,1.301714933623604153e+01,1.383363887370124345e+01
-8.777220191791688109e+00,-4.034985159638354801e+00,9.866657748716189502e+00
4.316160802696630938e+00,6.000951563453122084e+00,7.302540104772777596e+00
-6.685994062474019728e+00,-8.081631183833641430e+00,1.029402917882846857e+01
1.085714890860328197e+01,7.342848870064986322e+00,1.316416378049212810e+01
-5.747272859825974578e+00,6.671254801349815189e+00,8.545760454127439232e+00
-8.811425359780203692e+00,-4.850569626650011124e+00,9.915604155170717249e+00
3.849364058374882269e+00,6.324845128260032645e+00,7.272655997501098923e+00
-8.312242084324072522e+00,3.961206996217637943e+00,9.004848962482659758e+00
-5.454480243818188967e+00,6.617535918383386395e+00,8.498449855173081602e+00
5.393810613827777267e+00,4.863519646631403681e+00,7.053630731257028330e+00
-9.748901838357735272e+00,-6.796149924889335336e-01,9.480067325755559438e+00
1.078899639787937348e+00,7.122575315837551990e+00,7.637659348524612035e+00
-3.245140057053063742e+00,7.719441949776831180e+00,8.228159744086564586e+00
-9.514604745991194434e+00,-2.105774180136678719e+00,9.660118834598033999e+00
8.151067633306437799e+00,-7.885128462522894566e+00,1.178658040994899814e+01
2.067683819789771227e-01,7.676130313814299555e+00,7.855622793726348974e+00
8.770217201250213535e+00,1.040427160642706639e+01,1.342238015628387515e+01
1.236851119037052094e+01,3.732505593870033334e+00,1.283954981576638055e+01
2.412739561309924952e+00,-4.596704955030972428e+00,5.171284208798189397e+00
4.904372328813118465e+00,5.312380716004552639e+00,7.102913452914305203e+00
-7.596812942988731443e+00,4.509572156076664839e+00,8.917117127611684069e+00
4.529937565341052519e+00,-2.750461835549271150e+00,5.698483600286589734e+00
-1.246891455706888419e+00,8.010959658487054824e+00,7.996697801684905293e+00
7.591452297612357292e+00,-9.010660413106821309e+00,1.168764382864617524e+01
9.410644995938702850e-01,-1.120469677133511510e+01,1.112608686424400517e+01
-4.562809755250465393e+00,-9.609190625764123084e+00,1.057822402585961541e+01
4.683331545225988712e+00,-1.024309941528140122e+01,1.140896141086292381e+01
6.120493190459945332e+00,2.392849753960811565e+00,6.643749228882089852e+00
-4.375241550633304222e-01,7.752194140417108414e+00,7.932817842598260505e+00
1.160973357876641021e+00,-1.102289231711836948e+01,1.108582422348929875e+01
1.156182248116138389e+01,5.423894649060312823e+00,1.299898139734462887e+01
-8.933361746096039724e+00,-3.882879915669765758e+00,9.836433919857709540e+00
3.628517842853298259e+00,6.220262609112776175e+00,7.376770420133379247e+00
1.434339963309573029e+00,-4.685662392319253300e+00,4.997349573677650092e+00
4.368046179722414379e+00,-1.033545100828628094e+01,1.140715587082366334e+01
5.312305646513044710e-01,-4.684515738827988329e+00,4.786694905371462916e+00
-2.853455996606724998e+00,7.665003583453324332e+00,8.224806464073640910e+00
-9.204572167580526099e+00,-3.118100448400544789e+00,9.712584427563971445e+00
9.121994747940199488e+00,9.947201040972464270e+00,1.340308476262096704e+01
3.551035756794512110e+00,-3.481821378415684620e+00,5.555855196019849451e+00
-5.221293998054174601e+00,6.443852816718107945e+00,8.538305229814918462e+00
1.484078481927330939e+00,-5.210220694448163492e+00,4.941535489168769502e+00
-6.061840913962500688e-01,7.602970241009630037e+00,7.941421434724812656e+00
-4.262612875337859819e+00,-9.599921110293317739e+00,1.057677855024418534e+01
3.732968831743240568e+00,6.477573365564602170e+00,7.342542428406713562e+00
6.212965795727017237e+00,2.819399344299418519e+00,6.689235683171606439e+00
5.276613981785978069e+00,-2.692336613946585633e+00,5.802866263835639415e+00
-7.584648504971226224e+00,-7.047497954875001192e+00,1.015180763250066853e+01
2.846870949068248002e+00,-1.102198947273369356e+01,1.126515440881916952e+01
3.496497425657006941e-01,-1.086794036532229590e+01,1.104543582965380821e+01
6.129936821920274781e+00,1.212771840833997317e+01,1.365519341630446526e+01
-1.539140479725841226e-01,-4.606362683090127419e+00,4.737866171111419611e+00
-2.186454104511688534e+00,-1.054359169108784577e+01,1.081207374028888779e+01
-5.712581391139843312e+00,-8.453746529768551454e+00,1.037095250439954697e+01
-6.725938072781057819e+00,-7.650638836533142140e+00,1.026112908106462207e+01
4.613695175292027884e+00,1.331770885006568683e+01,1.378628547209789268e+01
6.932713650999265953e-01,-4.727009496525232279e+00,4.871400755723939824e+00
3.149769649700368657e+00,-1.085999372220837600e+01,1.127658124332280387e+01
1.203820279810592098e+01,-2.189315094854851651e+00,1.238112958524340002e+01
-9.463079396145074540e+00,-8.338485720667798695e-01,9.517208611345418845e+00
1.087380783083007618e-01,7.428323220376973346e+00,7.859933723031915953e+00
1.119605416963945999e+01,-4.613076161621314952e+00,1.216588192126159385e+01
4.533563995245463829e+00,-3.061586938896552645e+00,5.628881962725901467e+00
-7.408933689324023852e+00,4.456582413877361759e+00,8.878476716736326324e+00
-9.497789021446035207e+00,-1.506218014018219087e+00,9.612824660889630835e+00
2.919365006049793099e+00,-1.093400004904117573e+01,1.125277406789523127e+01
4.146065814068093047e+00,-3.589129898583284017e+00,5.568966824592133769e+00
5.747355307162503202e+00,3.948744830674541184e+00,6.858971710834540936e+00
-5.756866303838918952e+00,6.275343795810508496e+00,8.579390105695821944e+00
-4.313840323858682879e+00,-9.466055903031300289e+00,1.058680287772977380e+01
1.147214563854833891e+01,6.086271318985877699e+00,1.307179740326939843e+01
-4.481678300948298777e+00,-9.665897117831812935e+00,1.054468821237337828e+01
5.709514453964391834e+00,-1.956749219377786675e+00,5.970233710264122529e+00
2.639507036053556188e+00,1.385346539609998118e+01,1.395413900464657964e+01
1.194142392106240358e+01,4.515391233823440764e+00,1.292877595982139916e+01
-9.688060717856799897e+00,-5.463014024013260750e-01,9.450420530448347733e+00
9.041500601506781365e+00,9.929407728039201686e+00,1.340531391138171458e+01
-8.940187326229576570e+00,-3.888354486217607597e+00,9.814782753770774804e+00
8.883621491734109199e+00,1.020622645901904946e+01,1.341434366007111123e+01
1.279702311961500172e+01,-4.744667530916644727e-01,1.253398740969798197e+01
4.256399060827193992e+00,1.323887909827468334e+01,1.383827339983887761e+01
9.716081009633862564e+00,9.654564506088984643e+00,1.338113774410119028e+01
1.642760840353284291e+00,-4.676663976943813417e+00,5.051999708727858973e+00
6.141259649416721089e+00,4.486239166428099834e-01,6.359576313360211230e+00
-4.354775862840804201e+00,7.312517871365257882e+00,8.379896908899054253e+00
5.852760204629736229e+00,1.179872729165317402e+01,1.368612248936208253e+01
2.423269121645449609e+00,7.191141392746026817e+00,7.540094928254881701e+00
5.782526365768022814e+00,-2.806884070899244299e-01,6.224760893913141580e+00
1.173460315964557132e+01,6.215451751565414185e+00,1.306561366384436340e+01
-7.853075404892500444e+00,4.450949608609604979e+00,8.919557229241309670e+00
1.007748583752811911e+01,8.721584093656016279e+00,1.326891487317574203e+01
5.995212202416024816e+00,-1.163826832919628296e-01,6.222525548002575846e+00
-5.949126377450673075e-01,-1.090734956134224021e+01,1.094327473232492132e+01
-7.491378361186446178e+00,4.347003370633609975e+00,8.861777094977702163e+00
3.561774950448385102e+00,-4.538734394342427869e+00,5.433259795431781392e+00
3.193050255712590602e+00,-1.115503800867012529e+01,1.127639947659371522e+01
4.983585025651171563e+00,4.849729107436078657e+00,7.044067319111876557e+00
1.675881741347494680e+00,-4.766830891466207198e+00,5.085756484496489982e+00
2.935071939631336502e+00,-4.402050469002900535e+00,5.277350681401054011e+00
2.898445165541744029e+00,-4.560857205868650510e+00,5.288040630407782494e+00
1.017677047483335251e+01,8.412075713937916532e+00,1.326757055235369798e+01
7.650651548025445337e+00,-8.901067408112391277e+00,1.168563062266810348e+01
1.059509179377432986e+01,7.680143427041168813e+00,1.317642729204929708e+01
4.447844704310489616e-01,-1.108548605077460536e+01,1.105132792469547276e+01
-9.087598738898112316e+00,-2.620046231998142794e+00,9.697530366085876707e+00
1.742168225002048487e+00,7.383336713361038584e+00,7.581728365322224938e+00
9.240997232797310001e-03,1.421622674012127696e+01,1.411796161238696357e+01
-2.019207716886095128e+00,7.598488137188254221e+00,8.125940440708447454e+00
-8.752717118008348507e+00,2.354560248062813610e+00,9.148150824195210973e+00
-3.378898062723489915e+00,7.300645462308266609e+00,8.277265768770691423e+00
2.655597113792826036e+00,1.358405525124032920e+01,1.394421279596562613e+01
